Tumor Size,Cell Density,Anomaly
5.745071229516849,39.5308901731806,0.0
4.792603548243223,55.36652752527286,0.0
5.971532807151039,61.85704154662997,0.0
7.284544784612038,57.18953310665067,0.0
4.648769937914996,59.960476858058165,0.0
4.648794564576229,42.43204911430539,0.0
7.368819223261087,35.78189333258156,0.0
6.151152093729364,65.01333651955487,0.0
4.295788421097572,46.77320161157864,0.0
5.8138400653789475,47.49166983544953,0.0
4.304873460781307,63.281941418490575,0.0
4.301405369644614,55.5623000940066,0.0
5.362943407349051,54.55887772081608,0.0
2.1300796330133034,71.65002344901083,0.0
2.4126232512304506,43.564817696198574,0.0
4.1565687061385415,59.278401280812375,0.0
3.480753319498364,50.570131248970846,0.0
5.471370998892911,52.68592278863257,0.0
3.6379638867181834,65.28468426412532,0.0
2.881544447997063,55.07835756289624,0.0
7.198473153382331,55.38296079049633,0.0
4.661335549270197,60.72507337309802,0.0
5.101292307031886,46.350472704571146,0.0
2.8628777206798146,41.607903326609936,0.0
4.183425913212226,39.55190805978967,0.0
5.166383884564799,30.33643410623998,0.0
3.2735096338665457,70.56207129940321,0.0
5.563547027518508,38.96791634278317,0.0
4.099041965121793,47.78746376414228,0.0
4.562459375310085,47.23186700111079,0.0
4.097440081655905,53.07406697809101,0.0
7.778417276763406,58.15737212539297,0.0
4.979754162893099,58.60473488359745,0.0
3.4134336065661497,44.16922561431062,0.0
6.233817368154783,48.32878286213589,0.0
3.1687345250434666,52.825799504882994,0.0
5.313295392507133,47.51308873816453,0.0
2.0604948141803368,66.07345576019992,0.0
3.0077209266523544,54.90974951638251,0.0
5.295291853803685,57.348777860498174,0.0
6.107699869993116,56.628812686674124,0.0
5.257052421784956,61.73473857485325,0.0
4.826527576417639,51.81021558703707,0.0
4.548344456616067,37.03168052044153,0.0
2.782217014448859,53.996879517526416,0.0
3.9202336874079373,43.48643106208171,0.0
4.309041843560319,44.713833182502434,0.0
6.585683339328374,55.863640187550935,0.0
5.515427434352692,62.38283071433636,0.0
2.3554397669558993,50.21271576736061,0.0
5.486125954092192,53.088330125989636,0.0
4.422376579375525,67.02214944635239,0.0
3.984616999541062,52.407531794885685,0.0
5.917514433261302,76.01683114180395,0.0
6.546499283743927,55.65509645631544,0.0
6.396920178674298,32.39237240844182,0.0
3.7411737151660422,57.53341621104533,0.0
4.5361814362231785,53.81158384882778,0.0
5.496895147105346,62.897527540827454,0.0
6.463317690683539,56.73181351269958,0.0
4.281238643232065,48.615440160162265,0.0
4.721511535004274,37.757017637106344,0.0
3.3404975389909577,47.90976742713975,0.0
3.205690063878994,41.494795457907,0.0
6.218788733591297,44.19476550195277,0.0
7.0343600428562345,55.8857840442061,0.0
4.891984817629499,66.69904504351406,0.0
6.5052993468380365,53.94671529822981,0.0
5.542454037571451,38.04116937964815,0.0
4.032320368092313,54.446026682201406,0.0
5.5420934082626205,61.966314866456514,0.0
7.307054849698954,43.90217095680618,0.0
4.946260941335073,48.65982833327082,0.0
7.346965483721009,50.14688194729197,0.0
1.0703823438653837,42.151016869177596,0.0
6.232853756562836,56.48280433843859,0.0
5.130570602357257,48.79051851392219,0.0
4.551488974301199,54.195324439070276,0.0
5.137641164803253,41.125078221978995,0.0
2.0186466280986606,45.62541699676589,0.0
4.670492168243732,57.22381357827771,0.0
5.53566885726762,46.27166847908233,0.0
7.216841067112274,67.26963851233405,0.0
4.222594672589529,46.003638143853976,0.0
3.7872595956602186,52.24684725751886,0.0
4.247364434623195,59.325908318730896,0.0
6.373103176553111,35.816342670669684,0.0
5.493126664489527,32.39191188019224,0.0
4.205359694349442,34.74343685429905,0.0
5.769901149670034,62.62584103427182,0.0
5.14561632402206,44.481418541075534,0.0
6.452967485799334,75.58199285668252,0.0
3.9469203591839714,44.357524013426115,0.0
4.508506780103348,51.84551303197037,0.0
4.411837770301764,65.42109952567876,0.0
2.804727577801822,70.06092888159122,0.0
5.444180415596864,70.61503576636397,0.0
5.391582908269834,62.083662305931426,0.0
5.0076701849636915,60.240625258114626,0.0
4.64811929993728,55.92526949201183,0.0
2.8769438869243786,57.78361076166638,0.0
4.369032015851961,44.488142836714665,0.0
4.485928225209846,41.81801116577693,0.0
3.796584096167572,49.96625542589048,0.0
4.758071432500986,48.298153774750716,0.0
5.606076285221808,45.46771950672725,0.0
7.829278851815795,56.963874474567156,0.0
5.261866719247759,59.553052085705104,0.0
5.386325586084147,50.884068862918475,0.0
4.888331126350749,64.77530081055262,0.0
2.1218431770514377,38.58310885866495,0.0
4.960229186826175,48.06340540720282,0.0
5.09034531491154,42.831776793971954,0.0
8.69486316872793,31.3346338292694,0.0
4.711458552828316,49.17319314157301,0.0
5.452321013500419,48.78252491616716,0.0
4.947932345442135,65.13449743242131,0.0
3.246982943570702,56.30811684554777,0.0
6.71423422177253,39.758131756707954,0.0
6.127899549030161,68.54092566334188,0.0
6.18654792056457,62.21033695525353,0.0
3.635918817807892,55.82097703468616,0.0
7.104191466404149,47.73515901150168,0.0
2.8972234058115784,40.405607632765204,0.0
5.880285640700405,46.27793223928947,0.0
8.285683438714969,60.88748619704186,0.0
3.514195512303967,68.84586305934609,0.0
4.150553405595842,65.43243528272188,0.0
5.1494770476314615,45.11150578213726,0.0
4.244786518825701,38.80382566710989,0.0
2.6740048534008007,51.40886246911204,0.0
5.102844462209041,32.31560634437149,0.0
3.4065444294108427,53.23167714184781,0.0
5.710388645952772,48.52397413701331,0.0
3.620863648649295,45.33963498131758,0.0
7.324901607526309,34.05296932733204,0.0
3.825120061495644,55.136001065697165,0.0
4.516907725691486,44.672991603380886,0.0
6.220275826054505,38.30083164289712,0.0
3.153703525349067,21.277377867183507,0.0
5.341189901906194,49.724850949493636,0.0
6.960714131423642,67.72251596669744,0.0
2.5887751481581587,66.6125921454787,0.0
5.276950787798456,45.429037434137285,0.0
5.389824191372635,43.97787939638219,0.0
6.172734307665966,54.68774256075024,0.0
3.144573933682877,40.016145608117085,0.0
3.0193150803735858,53.01791899819466,0.0
5.782912348425347,57.660802783846904,0.0
5.445477009849779,62.26933223884308,0.0
5.375739275518815,48.99845923520047,0.0
5.519672314245463,47.96326249823034,0.0
3.979962917632264,41.22017413243439,0.0
5.348380545741505,41.7311964596014,0.0
5.439608709948022,47.73521108098473,0.0
3.928472872960448,53.67365506816178,0.0
7.798661766717135,59.13584626233249,0.0
5.710749381367681,41.96821049319655,0.0
3.213044754196027,64.92688568959522,0.0
5.984830412950744,47.28876398957431,0.0
3.537977494659018,49.78632705651564,0.0
6.1806269056136784,42.527883208521764,0.0
6.737893368511106,25.757597397270583,0.0
3.7689765224724345,58.8404539636105,0.0
6.445064193866482,57.36843897092433,0.0
5.619171390404747,47.18672442881787,0.0
6.233090239991735,50.66990717224872,0.0
7.845189473980922,55.15939217704099,0.0
4.631917825995695,34.374541431134574,0.0
3.8693957534637655,44.70947322653705,0.0
3.665728355561715,57.94264679621827,0.0
3.776284572551843,37.45710576830751,0.0
4.884347435878844,52.935579321666296,0.0
5.511727962224966,36.43418195376595,0.0
5.415036198995028,54.66429982433527,0.0
6.240774873554036,49.643585177025166,0.0
5.0195028378168605,33.848681840944906,0.0
7.1803011157359755,61.64739354457171,0.0
4.603014750143066,42.65408423201951,0.0
9.080253749884427,41.89747562985619,0.0
5.938501021647509,52.00569197230943,0.0
3.7142636653755763,61.48637349428715,0.0
3.3936612529083314,39.841781810216034,0.0
5.723708622864778,50.61679849847972,0.0
4.664805822011224,54.28816500330573,0.0
6.071000741138138,56.93105607263144,0.0
5.709856436860317,51.76441555277225,0.0
4.890756631014691,46.329721609166775,0.0
3.7298094228973926,41.724097793512804,0.0
2.727729162971203,50.86143883046375,0.0
4.330227571899468,39.27860988014393,0.0
6.284598191485209,20.78649516505393,0.0
5.321140616195306,54.365598041576675,0.0
3.131391831932018,59.039348410861955,0.0
5.259771388776773,26.370675644581617,0.0
5.577976069593255,39.90269295290062,0.0
3.6742138456983007,56.191542610051975,0.0
5.230587658918292,70.574954697117,0.0
5.087313077669,50.20793707675408,0.0
3.2855445532540655,42.71997058770866,0.0
5.536681040522425,48.1710355889516,0.0
5.841176789552351,63.74876419148185,0.0
6.624576864762916,43.54035820875465,0.0
6.5807030780523545,42.00807993349746,0.0
2.9334959480643636,45.17256477817968,0.0
3.593262440127316,40.466713917412875,0.0
5.77255290081299,51.22670315994795,0.0
5.770678926368313,66.2467845846956,0.0
5.772571529459071,53.23079273116029,0.0
10.779097235982082,47.47646497873713,0.0
5.85633576603975,47.08188731084456,0.0
6.703348460270899,34.36809191303343,0.0
6.431002645239803,58.83109777147159,0.0
5.977086876958697,49.22162802987198,0.0
4.527096133039482,48.19520086409374,0.0
6.138453830739901,81.93107567844861,0.0
3.8407621781936423,52.98752908365686,0.0
4.644772089889987,42.48208949904816,0.0
4.2719546782563445,45.736424037944566,0.0
5.122811209079484,61.48445709196755,0.0
8.471987850010263,51.13270410537764,0.0
2.199102211112378,35.61722021682633,0.0
6.02939028556177,59.19228934575204,0.0
2.5809261932155225,43.31855914461006,0.0
4.29210220131585,68.73297776217545,0.0
6.633425895451049,60.80048065714649,0.0
5.096420028643194,45.52678104341249,0.0
3.3833828331060407,62.81016361735113,0.0
3.9270444361100476,50.678555105274036,0.0
6.019396623402014,58.52773675122219,0.0
3.904450052424295,54.84732817294475,0.0
5.324687884372962,41.536433450091266,0.0
5.06835775985572,43.56450167682538,0.0
4.022599478591275,60.29960817581161,0.0
8.215916133987989,46.65224667893459,0.0
5.950878533477017,45.96351536758003,0.0
1.962286120013589,40.44877420650647,0.0
5.279681472154142,54.235990655934614,0.0
4.007320302847418,70.62524919243145,0.0
6.278650002194336,39.32467085745727,0.0
3.811218892350949,50.24219456672758,0.0
4.827895337799651,64.12220555415429,0.0
5.757480918470685,49.203586087542845,0.0
6.298632791255182,54.52371796249734,0.0
3.1995553894163358,39.376064718531204,0.0
4.498248146238577,54.28307097207649,0.0
4.287582033258566,48.12855734995451,0.0
4.020006151139432,59.85729995679863,0.0
7.6481813604216455,61.87386051564751,0.0
5.607472566441434,75.89563642018614,0.0
3.1086740684974323,55.796331732135755,0.0
6.376792920582164,53.257963165821664,0.0
8.18323429551895,51.94384301577336,0.0
6.54869789082672,46.46833707189312,0.0
2.7209450510689797,53.38483843461691,0.0
4.273648890700623,47.04598589860971,0.0
6.900366723779934,51.68460976269614,0.0
3.938495801571829,63.1759753560796,0.0
5.665729142219343,39.934574347203586,0.0
6.161951080144005,61.39878561129045,0.0
3.6096042926328753,63.17115067339866,0.0
4.9107119659073,48.81931473008921,0.0
0.1380989898963909,28.781451009914054,0.0
3.463418537998565,43.921780129055676,0.0
4.62114777291026,62.96994546561109,0.0
3.1283252270527258,49.77131937701118,0.0
7.448616955897453,40.00697767705089,0.0
2.854787933059051,44.95225078771782,0.0
4.339933269954525,58.40620026504553,0.0
5.196110865929137,55.4673356820138,0.0
7.161909933599173,47.61067900830306,0.0
2.8462067732308407,46.33175588185313,0.0
6.744745628232439,46.08241850956178,0.0
5.015349591529381,40.77589815501497,0.0
3.527737023428074,66.15375689469442,0.0
5.693155211394906,46.7767953078866,0.0
5.298589543360205,62.17158520825497,0.0
4.099674684261808,65.21316051922452,0.0
5.1047031274850285,59.9831089814796,0.0
4.42202960470736,45.683796872819514,0.0
5.170276017876872,54.037300903366095,0.0
5.99319601178157,49.758043936090836,0.0
7.379025224218028,40.96298139269872,0.0
3.1432767517597267,53.24359281721603,0.0
8.1995500619844,38.20960208840198,0.0
2.0718683007162473,61.87679388461564,0.0
4.772322357446625,45.35382702701607,0.0
5.882475809726865,52.01159655872839,0.0
5.421487801602549,52.83287871546142,0.0
4.065950720269109,47.410950262959226,0.0
4.687816624464087,55.86693801475275,0.0
4.2604985980117505,45.25096343377476,0.0
4.115952864583683,58.71297297457244,0.0
6.2744031455315366,36.54020319753251,0.0
5.535523228947571,51.26379579546412,0.0
3.960635607109019,69.38928999058285,0.0
6.349399813149876,39.99668675394425,0.0
5.460949281314914,43.222550294751485,0.0
6.21929317825844,55.13907849658915,0.0
5.944443262885418,51.79581781939598,0.0
3.7565074836168915,53.50630099273559,0.0
4.159728439704546,54.891871301476634,0.0
6.120940407684893,56.3472146856177,0.0
5.915555398150198,61.09699841956223,0.0
4.968647609053778,54.098186569285126,0.0
5.175991074963173,47.58742345381457,0.0
6.916497343682638,56.72573701202731,0.0
4.112642916746255,68.99881934895215,0.0
5.820646071755057,48.67366253617426,0.0
4.6967110213491585,40.254706953293585,0.0
4.67347819515917,61.07080669286972,0.0
6.648165277980786,48.796188360464015,0.0
6.238124523482044,28.273304539859637,0.0
6.220264454000958,58.47421677150422,0.0
6.958218210731493,44.64671814046077,0.0
5.031505762449139,49.094667176958396,0.0
6.022929456942446,53.319803305690144,0.0
4.534599865109816,51.904996797790666,0.0
5.486249528732663,57.0945181713904,0.0
4.804785418448473,45.645136294301565,0.0
5.1454939474890775,55.131057981760826,0.0
5.89273553815537,47.40453322416083,0.0
3.7726689751497915,57.38810480887503,0.0
8.138580913528191,56.153674840130535,0.0
3.490973927750447,40.645612979554045,0.0
3.1787170808184015,60.85982116175032,0.0
6.737166310250101,44.64036554885952,0.0
6.187494040944404,58.08057798281145,0.0
5.936179725578233,53.67287313401341,0.0
5.94251826389642,68.38183676795123,0.0
4.981629840729628,47.76534017628148,0.0
3.654118442771253,46.506832038818025,0.0
5.113706837290589,49.805803941122676,0.0
3.9842574327318325,46.968202171657246,0.0
6.462679600126627,57.9994190194205,0.0
4.779413927746792,33.83689391563412,0.0
3.7617542048112327,39.46317580853646,0.0
4.51792123752051,39.32197078420807,0.0
5.6193971814134365,59.50307591973576,0.0
4.154413170794038,67.10613372581925,0.0
3.7666694066503528,48.955507814625285,0.0
5.365530817237868,48.311782768099896,0.0
5.367449856663084,50.700521631131814,0.0
4.239585236943306,61.61878302608191,0.0
4.2934425415725155,40.72646865809426,0.0
5.348074906036454,52.38368982734785,0.0
2.827873487754014,59.7519762978243,0.0
2.8888043384351674,55.01094169939845,0.0
3.922333668121346,51.89581616598743,0.0
4.6798292724322295,60.01046092567141,0.0
5.466361348397007,22.96767707000763,0.0
7.213034325424328,56.77875319530908,0.0
6.286489434803029,43.45924316872576,0.0
4.7600922050548595,31.693671031435432,0.0
4.971475688145967,55.11202599524981,0.0
3.4962059530432867,63.73658545162958,0.0
4.972230296011415,48.62551485372308,0.0
4.567012041619792,59.528745472029385,0.0
5.484077840507134,66.12278257988646,0.0
3.7591535846715156,63.14914453584048,0.0
5.779019771361758,66.39964529371393,0.0
7.299108369503866,57.42127491071892,0.0
4.8368597773147135,50.754336389015926,0.0
5.602567583148412,33.980341881028316,0.0
6.035215987566669,47.53937511870051,0.0
4.398169292171246,41.567534046838084,0.0
5.336138722715625,71.70942717497815,0.0
5.0188886011726925,48.24114187567663,0.0
5.146514147823248,51.23204806784486,0.0
3.8404853242168002,55.51485376040468,0.0
5.036765261388414,50.436024463724536,0.0
5.746997436868175,66.95051040430752,0.0
7.176715411692562,43.77350638265548,0.0
6.43890623912781,51.94607455237243,0.0
8.229773686267334,42.57529414301952,0.0
3.848978655667926,36.79977488779294,0.0
6.308480955081017,43.882309090947146,0.0
5.2750130086075275,49.62963202951588,0.0
8.28470439982651,45.7069777548274,0.0
3.787552571967273,43.07579020126144,0.0
3.740417236728836,35.93682536328166,0.0
4.1009110318339665,49.16894427371305,0.0
1.8141564135352897,34.952796259689975,0.0
4.211367467478858,57.60055963689602,0.0
3.861301007669453,50.824397529345035,0.0
5.225590679714312,35.4244850053507,0.0
5.512633963665739,46.907909229501364,0.0
7.814256258823829,42.478435944094166,0.0
6.425635757279076,53.1917451041918,0.0
4.134644516506396,63.40450446023144,0.0
3.6523779929774634,31.248275303542556,0.0
5.737878757259758,51.150260791474174,0.0
3.019650189469037,48.398672044333594,0.0
7.747188148781531,56.713400764504655,0.0
6.769160181081931,52.131966282376894,0.0
4.296236521842943,42.48030668261181,0.0
2.430298206363684,46.80946064333382,0.0
7.0308085612481195,42.03974143196511,0.0
4.828190232121073,60.76007138598598,0.0
6.856724467960193,50.21311648671942,0.0
2.6083585118084494,69.01190685753008,0.0
4.1009374655693405,49.39339186185379,0.0
5.007865549577275,42.91593233089537,0.0
5.070470890647113,34.862856073871725,0.0
4.324901792781135,31.96860323744055,0.0
5.934274898521248,34.158640569945106,0.0
3.3985693559261083,52.67126651011483,0.0
4.7864307724680595,55.08725023229934,0.0
5.180443447567848,34.188092979678665,0.0
5.771658251088123,58.950383140761154,0.0
6.067422317133335,45.1693894831656,0.0
3.3130368622431963,51.467930119855495,0.0
2.6988287438965664,66.12220628255425,0.0
6.916515232847764,58.96839315865532,0.0
5.498471017969387,47.314693520941674,0.0
3.8772701951651696,41.08807774584713,0.0
7.326727963283784,28.48184598670695,0.0
5.173511951439288,42.8084668075758,0.0
6.768945776095739,47.88869761172305,0.0
5.101277722115164,40.12820472848816,0.0
8.09112188732298,48.68743032907695,0.0
7.633011263664807,50.768518829587684,0.0
4.62655377728139,47.751440181919214,0.0
6.457356426431533,43.4999741917654,0.0
5.968063924377722,51.68654671966728,0.0
7.052947336298523,54.41940649569409,0.0
3.5526148091298433,39.096009225571535,0.0
6.029077189997659,64.10932379746271,0.0
6.587636730274381,49.014118677157384,0.0
2.3618907703653287,50.188496229448475,0.0
3.2251122310013374,57.08214423256557,0.0
1.941151733359849,52.332161312635016,0.0
4.595889748333163,59.53136633913245,0.0
6.076313383693943,52.87124165201824,0.0
7.253535578144042,43.87562625359562,0.0
5.1111421706296625,53.61503525206102,0.0
7.442923318356938,38.56273792679338,0.0
2.929847812677663,51.085597057765234,0.0
2.444926340967268,49.66770009355539,0.0
4.916678451655072,47.918831427274604,0.0
5.576098173408961,48.71462488561069,0.0
4.95095787785886,31.18150954502361,0.0
1.898836849940185,44.512750922590385,0.0
4.8663199407308175,50.928449011411146,0.0
3.04329574924272,51.598563919974005,0.0
6.004508823245057,39.72324859074042,0.0
5.549897369145272,62.65707840864701,0.0
3.590180320508967,41.33825151785499,0.0
4.22919962399496,59.69457200526737,0.0
3.4111797171665725,54.27194361871685,0.0
4.905981354090242,43.53772690156197,0.0
6.432713480751858,67.75310892609512,0.0
3.5214109304966845,38.0636316824352,0.0
5.756069773276766,59.191541736100014,0.0
4.204613572441339,60.005823180429786,0.0
3.810690751606484,43.293797909233554,0.0
4.839454460068163,63.92465300064329,0.0
3.447136516370939,47.49953485401047,0.0
4.169526041979227,52.88693629279857,0.0
3.203183161116727,52.603218387712204,0.0
7.947087699374584,48.65691258529452,0.0
5.052895327957593,58.10808273159782,0.0
3.9504117380111214,57.93488720552213,0.0
5.320969866101333,32.51468026761819,0.0
4.831507925463756,63.043402428781526,0.0
4.668545600700165,33.37508011964326,0.0
5.9212500500651375,60.32546204341657,0.0
6.136261565070958,61.26705136827583,0.0
4.204248278584209,39.09033569784802,0.0
4.13627263903298,45.891857120454155,0.0
4.587422454272534,38.94295331514064,0.0
1.547118252896623,47.850789697112646,0.0
2.7272134067021714,46.919657158142584,0.0
7.050311401166788,57.796605322693395,0.0
7.467451570251925,63.10308746119608,0.0
4.626445940665432,63.95683810789956,0.0
5.864835444583649,44.37831973421698,0.0
5.466875231815304,47.90778126255472,0.0
9.618321212682856,33.1656180777905,0.0
6.679362367151866,41.94129933503811,0.0
4.80812361277885,59.64851633097457,0.0
3.5666893390993613,66.15582823548232,0.0
2.5903305196136412,37.65651128120078,0.0
5.305195453800835,44.075357408471056,0.0
3.865473882073545,49.73594243041073,0.0
2.866619435603489,52.80161158819607,0.0
4.03014067363621,41.90396480078354,0.0
3.3776779945784074,54.24061044464089,0.0
7.530712452608848,45.26160652929084,0.0
6.322459635424176,49.855477291217206,0.0
4.988041038025074,55.462842480037,0.0
7.2199162083350386,50.064222698109376,0.0
5.116052461471427,45.63614109473431,0.0
3.7080736980076043,48.90390196074169,0.0
7.284686115904486,49.11637040794665,0.0
5.8083650655269885,46.29988970117872,0.0
3.4441307685103153,47.41203937332897,0.0
4.714491982874588,65.98647170504717,0.0
3.686572619922864,55.60919447941239,0.0
2.925800403553496,47.045196819708394,0.0
6.3892663212974625,56.969544045107355,0.0
7.864124960705196,46.6618051024399,0.0
2.9021486392712883,61.73124637586641,0.0
5.844453855035856,53.69642192198094,0.0
4.024036146317259,48.92697855995771,0.0
4.269311924352956,54.477169258102776,0.0
4.111409113641696,34.291238479315005,0.0
3.704013845480276,38.73232531090195,0.0
5.072782441917241,38.060749936009444,0.0
3.7535748253834433,51.429430947637066,0.0
5.405685238669758,67.32514999485092,0.0
4.924642835826295,72.31300146192632,0.0
4.641577929700386,56.380511014407574,0.0
3.6386545069376033,55.00844474944457,0.0
4.134843004147501,31.98942265847261,0.0
6.133086838738635,44.57326200265978,0.0
5.751375781436571,42.12216248091761,0.0
3.533667132802173,43.79152401748884,0.0
5.148998458143839,48.318561814152105,0.0
6.127080685057684,45.27909422302873,0.0
2.4958920783179424,30.207001896242122,0.0
5.815040288569903,57.47910256117534,0.0
4.00606436158123,39.27256974260193,0.0
5.855898002889739,52.39246864111149,0.0
3.855111265186225,70.74082669749973,0.0
2.2926768490032217,40.80615408413577,0.0
2.558686343175256,24.697124772536704,0.0
5.072127419992073,47.139957781198895,0.0
5.389583752582222,61.00959634998571,0.0
3.6435250623433872,69.58347454220593,0.0
5.957888688166061,37.70450405547583,0.0
2.5077199065965603,54.966992232365214,0.0
4.900880302029025,45.34689543219947,0.0
3.1834757003563148,48.94051645695864,0.0
4.022245838296762,76.44343347017035,0.0
5.071098006974621,34.970296716048466,0.0
3.7093799520740713,52.537396614945735,0.0
4.423166683655262,54.676931717654334,0.0
6.509439213821661,60.857863249393475,0.0
4.134662195715277,50.97983153470896,0.0
6.2535381680977125,53.08050539504102,0.0
3.305439718013573,46.08351432578209,0.0
5.794706266872924,52.69126941245107,0.0
7.1623529309868506,46.5680772450259,0.0
1.292533249809066,56.21571889856051,0.0
3.804657116794285,46.30389663956366,0.0
5.86560819077081,53.77100393902187,0.0
4.695431920935511,49.707371863150215,0.0
5.556718810056963,61.26050250772168,0.0
4.094022219926269,49.48606276411514,0.0
5.12988468120935,32.26967531793119,0.0
4.766484146911881,62.619215007139914,0.0
6.751673092489711,40.94267699137381,0.0
5.381631264951819,43.4623366135118,0.0
5.506403993112803,44.04338705956508,0.0
4.382184550816299,63.74438093170817,0.0
4.26859066389126,28.643257860213044,0.0
4.351162718270569,81.37748533659993,0.0
5.591678213567445,60.56056809066052,0.0
4.368523278769605,52.2323891412916,0.0
5.434662285344619,49.451059993837134,0.0
8.113101197968158,52.85554074857657,0.0
6.306687055147538,55.211224283793385,0.0
4.510964701748239,56.45215585950057,0.0
6.8018208832459175,55.55604466003449,0.0
4.387886940467673,50.895806812552486,0.0
1.9428131972332192,48.02661579692674,0.0
3.487870533623894,48.487267163464885,0.0
2.1938121184612163,48.05091719647319,0.0
4.4727297739380365,61.337700968670646,0.0
5.027627568784328,55.935567222808615,0.0
7.514655968412924,20.596113653357197,0.0
5.490391060646244,56.55900776529761,0.0
4.6713492067867035,51.94736194718775,0.0
6.2441083717752335,49.81291243554102,0.0
1.683297036488172,46.11481546911114,0.0
5.353421837162849,61.24112719986013,0.0
6.15629779083045,59.475264621228575,0.0
2.782120631330238,42.27122332176391,0.0
6.715631064810394,54.07052287124535,0.0
5.5077446112416215,40.28343265458714,0.0
4.377068129148798,36.203818352110694,0.0
5.949172799159427,43.73282775410035,0.0
8.406039286706594,58.62393472382759,0.0
5.272799382587743,59.53125045376087,0.0
5.372330879450504,55.130854200972934,0.0
4.310958650689634,57.25095786847997,0.0
3.7252334458028122,55.16178287114958,0.0
6.245503724816368,43.585184047770476,0.0
3.7158742611366993,54.31922544673941,0.0
5.107349355829089,58.00409525227683,0.0
4.283513829852325,57.542913298135744,0.0
5.7184697386195875,61.88913371474643,0.0
5.500493157930422,57.083038472010635,0.0
6.556309916386849,53.51448207541583,0.0
4.23497540171788,60.701502383164275,0.0
4.595187597059943,49.7347874075094,0.0
3.531854426326539,41.18125348772282,0.0
4.333560109885832,48.36933036056236,0.0
5.5659507395672785,42.55097355193551,0.0
6.135482924968028,43.24821725025618,0.0
3.616752013733562,48.55481329284482,0.0
6.3044088801584905,42.075800790000386,0.0
7.033456788207427,46.9203847036096,0.0
5.620152354835551,31.063853330462145,0.0
7.815193718837099,52.13293707372939,0.0
3.8393162013446407,50.012054753622245,0.0
3.1330179450328743,41.82911368931809,0.0
2.331919626643582,56.59245668432405,0.0
7.2440664672337745,59.37570137626558,0.0
5.9815484845310865,33.924401356310256,0.0
4.916622993634317,42.37275221433786,0.0
5.419952939479731,42.30857650212702,0.0
3.3117664290524353,40.600968988911355,0.0
8.66862796942524,58.294748419317486,0.0
5.193831772962842,48.06173861227197,0.0
5.164092191907339,47.35485158689389,0.0
6.0886499358480375,29.961376355932465,0.0
5.7215138476050695,56.35418030209226,0.0
5.335826036418697,37.60741605146528,0.0
3.814288316832032,50.599326302663286,0.0
5.707202535703994,52.773769379581914,0.0
7.82303674471255,63.60658595838651,0.0
7.018130069232466,36.91179600880888,0.0
7.389779939959095,19.804878441791747,0.0
4.233176485353223,51.83849544753695,0.0
3.5155927696121285,68.00511181510853,0.0
4.8113196198505275,62.38946352939438,0.0
5.083587368433042,52.096594152746256,0.0
6.641287277706423,45.08363814367953,0.0
2.461303055427771,58.071225966373106,0.0
7.2943254791909204,40.26453800295531,0.0
4.762988152131516,54.76357769356219,0.0
4.35967839507887,55.054701591666266,0.0
3.481843437109749,60.6020990749888,0.0
2.5177149922013458,77.59660038911078,0.0
6.234755875942872,53.92415967178767,0.0
5.109976950782606,44.910363742925014,0.0
3.065058650388419,49.74425687808006,0.0
3.0573818419045757,32.30924095110882,0.0
4.4963229510648075,43.05286868910942,0.0
7.503532287934089,45.90717561886896,0.0
4.610612972954593,44.759116020654076,0.0
2.7452855703228405,51.52354872033722,0.0
4.631385403871084,41.775800676177994,0.0
4.590914645378494,61.210306673244716,0.0
0.9546700355876423,50.002070649181974,0.0
4.918557700223282,49.90699678861385,0.0
4.653598204686983,46.72105283487082,0.0
6.044309547220127,51.551906838589794,0.0
7.773434142418018,58.25098264667635,0.0
6.689847544321636,41.328697842890996,0.0
4.596666964167754,43.41883510924743,0.0
3.3402111368874943,46.96273971223335,0.0
8.86003970487479,36.54129076526785,0.0
5.088827651021733,41.807421402785025,0.0
5.0208939378694195,45.23779126455341,0.0
4.963812369334995,58.74389180712728,0.0
5.297127141151782,52.62561329001925,0.0
4.783459382114087,51.93589911367545,0.0
4.139506989679646,58.50897962167972,0.0
4.179711588139412,48.62628211600603,0.0
4.950870094676002,53.904648499288896,0.0
4.184862843299353,48.96778247067504,0.0
3.9307313259842536,52.653623493996285,0.0
5.159645341537845,44.17241342388418,0.0
4.617534173868717,25.61182841723571,0.0
7.255989482874033,48.65720837813696,0.0
1.023545287410482,64.2274813609994,0.0
6.637260277883692,59.26215402241593,0.0
6.869127788746443,59.653974845911705,0.0
1.8899146513877758,62.36130721806218,0.0
4.485968608879476,50.88657590961437,0.0
4.442838701006313,51.973157074055955,0.0
2.8887324579232683,43.8234810456565,0.0
3.8332749686136873,46.8392714397295,0.0
3.334136231801257,56.15771149771142,0.0
7.628405665135434,62.038844371688164,0.0
6.403517589721192,48.60553724319001,0.0
6.907332642491238,45.498107351485885,0.0
6.082508096064853,50.005279588565976,0.0
3.306422343174156,56.01206748929115,0.0
4.21321960058034,35.56145183866458,0.0
5.734061841841877,27.03819046862762,0.0
3.166808286662082,44.494631505084165,0.0
6.069497645258582,37.79287574085841,0.0
4.639511902762798,44.91859802352689,0.0
4.437768788675604,48.52219681182528,0.0
6.066439952305237,45.467515909769865,0.0
5.66639496722906,64.52467534470745,0.0
4.45855075127138,53.2674476460232,0.0
6.738994705046372,53.004743596108284,0.0
3.3784050086001542,56.22207144043402,0.0
5.923903410416395,38.61166882219231,0.0
5.889651886952576,60.391117874202685,0.0
4.535680341029015,49.2423571346454,0.0
5.489199533363177,56.70480617241213,0.0
3.1233296354220457,39.28142766959844,0.0
6.3860405288103514,34.46241233983936,0.0
4.722646795335517,58.17889658025029,0.0
4.215915469221441,53.76409526097517,0.0
6.573513838755334,40.9794844564249,0.0
3.943484464185861,41.303369187253054,0.0
2.8873080554546604,61.254347844147695,0.0
2.6650562397141444,38.10588107132672,0.0
5.909014927018459,66.42672953255963,0.0
3.079355971255575,40.99379265352131,0.0
7.632191272976547,56.38391925608383,0.0
1.877105888174417,46.71381524251015,0.0
7.544684552435058,56.03187431082343,0.0
5.316526200803928,44.558859978858074,0.0
4.854930332194411,48.37207093927706,0.0
4.182621369786576,50.40919175395721,0.0
5.598704171528106,39.978125442185274,0.0
4.943547946362727,57.408243454201255,0.0
6.654952823024782,44.867864335284146,0.0
5.17134147299306,47.714000846599816,0.0
5.225452642192816,40.056506253914876,0.0
4.454581681679216,24.376663412046895,0.0
4.914581564418399,48.08972237399831,0.0
5.461702653338088,74.12615421612915,0.0
2.4347474110150618,57.84604287898024,0.0
2.9777218668414305,49.80739620265605,0.0
6.114896141034072,47.37109170791732,0.0
5.256298157191913,50.22465892812046,0.0
4.724024995470981,55.4711911517521,0.0
5.02765089959809,38.19187184691155,0.0
5.521372558042507,61.143216946688725,0.0
4.190360479535958,57.15381315441244,0.0
3.832542911896531,57.18185725707934,0.0
5.293767882646522,54.38475738809727,0.0
3.5324408335774518,50.1961665769399,0.0
5.612379133571707,56.7286123596682,0.0
2.4461245936432396,55.91814133741378,0.0
6.543733455988465,46.45959289058976,0.0
5.708896223619565,44.26398227103099,0.0
5.384044601470814,51.01856295261987,0.0
6.474036475918271,65.49020151495188,0.0
7.498211666693865,37.60892924346099,0.0
6.521555097527195,35.324747342475604,0.0
2.238688653002532,51.647608412365166,0.0
3.080634549896448,50.50887701856018,0.0
4.062772133456482,51.73341664370408,0.0
5.039136575316251,52.439531979085004,0.0
5.776488530703684,47.76797745365195,0.0
3.9113842802698016,64.89863438602082,0.0
5.280150146715617,33.99096021523484,0.0
3.866925601470016,41.71502975219754,0.0
4.082723295512078,48.96745239850953,0.0
2.8900083547276667,33.568111888458326,0.0
3.6151501308336433,48.241455955679285,0.0
2.9724730915754995,66.61470165728018,0.0
3.536190120534001,50.20886488295962,0.0
6.580462694911759,52.30700905718683,0.0
3.5759016667520855,37.3983523482742,0.0
8.948573097256087,43.83638591960523,0.0
5.739976851321334,46.24803619676063,0.0
5.2772541855423105,46.82284903243766,0.0
3.7124633297281795,62.81643795003769,0.0
6.050464819113487,55.57691060725124,0.0
4.136543260643339,38.88542043062968,0.0
5.183014721968042,52.46504778432005,0.0
8.840126807403191,54.98221748496785,0.0
4.855910150413025,61.40149038521267,0.0
6.723909989428513,65.80540686568374,0.0
3.945235362311169,39.84905808172131,0.0
4.947517264254557,41.89142488789662,0.0
7.656200953453265,37.42422141085384,0.0
4.059549413318349,47.659801408930186,0.0
7.718672836995394,54.663583744463345,0.0
6.061627903183213,59.87334516589102,0.0
4.156299836158599,49.24048976357477,0.0
5.948611608583281,46.80152476745156,0.0
6.458831674440095,51.51757992248741,0.0
5.932714943325795,41.64857098369977,0.0
2.6446629201643153,70.89538721694774,0.0
3.909294236262697,33.923389728819416,0.0
4.628722046672743,51.847405788957246,0.0
4.88834985634993,70.2360621922964,0.0
5.9310081463260165,50.067998445599976,0.0
5.2665515013998805,48.099609649985055,0.0
2.996983461934848,46.42554577189573,0.0
5.570296776508945,48.19608318237592,0.0
5.915878617925735,63.728484746765304,0.0
5.83968567189656,27.88138088670493,0.0
6.621171088331932,65.33433701296326,0.0
6.250883231823356,35.76042847549855,0.0
5.688770118842655,47.333476707655855,0.0
4.894751432812029,45.707555797013384,0.0
2.5085585997260127,55.8855326977072,0.0
5.644427328698879,34.01875648116253,0.0
5.311531530744666,54.62172666081943,0.0
5.4073682557930605,70.24309623286852,0.0
3.0848771362695357,36.368259954071895,0.0
3.3784151893876064,51.89706167610396,0.0
6.579729279999356,43.38017822203391,0.0
4.940667269215018,54.25887206193036,0.0
6.022251046058937,50.19147777415752,0.0
5.042477564195692,43.5851309095569,0.0
5.044634209243617,54.87872284871074,0.0
6.407425708963997,68.04348109786743,0.0
4.225932907673939,48.09096208272701,0.0
5.144181165411475,57.19757942148182,0.0
4.306587066942436,37.06727042128836,0.0
4.348255658851526,40.43563623181991,0.0
4.536241814797041,54.72406277880377,0.0
5.333200657450569,64.84116028535965,0.0
4.281877067504784,53.5561334878566,0.0
6.883634188360281,46.86941969476845,0.0
3.658089046670744,49.99291405423354,0.0
4.719692533757962,37.495922660302824,0.0
4.340403412588738,56.045153263553665,0.0
7.1704668265306,58.82333062323409,0.0
5.294832164767362,45.4790966716692,0.0
6.547766809202953,45.299578522404985,0.0
2.771659440444542,52.658782296520485,0.0
5.4005753988038885,45.63280263959405,0.0
6.334446193435156,49.338673853741774,0.0
5.123425983913136,70.99721789166516,0.0
6.598220562598026,47.52974299254004,0.0
4.224067324849441,46.41659847978778,0.0
7.114021160278369,43.52458194364841,0.0
8.448347185428876,57.441919714999365,0.0
4.455742159340511,48.18775826781897,0.0
4.331746217898842,43.506269616785744,0.0
7.1800767156765515,63.21304032273012,0.0
7.369358218596068,64.19603004513637,0.0
4.2157099592700975,43.99576434261295,0.0
4.369719774356215,31.33460048639384,0.0
4.577323086709239,60.07513689836922,0.0
2.9833242334485846,43.15370174239996,0.0
3.6220220802737026,57.90625599162769,0.0
3.493788849871898,30.298961822881644,0.0
3.8483036523438074,58.92597338299309,0.0
4.947972668919828,37.88828070719219,0.0
5.351322098804781,57.307641190665244,0.0
7.325750739221116,50.142730678364344,0.0
3.5024689388918135,40.460605806033556,0.0
6.476483597714876,45.929636870732196,0.0
4.6790167336617365,56.86318456956701,0.0
4.925804435521351,51.05894453115234,0.0
6.012229238249906,55.844129804724844,0.0
3.315916967656552,69.76440584515485,0.0
5.573614619276076,34.357583882889486,0.0
5.249678312319584,66.17212574968624,0.0
5.738676896012223,51.04355937523213,0.0
5.433752965861727,41.01215951676872,0.0
8.682950209866341,36.696863742610105,0.0
4.043390023623026,48.10879609222967,0.0
4.203504567497274,59.2165011192446,0.0
4.065289210362853,48.724508796224654,0.0
4.166784321259618,65.11154930247348,0.0
4.0439193090402235,35.48824309948441,0.0
6.783524796661328,49.87911052153945,0.0
7.130756371984782,37.47606555586881,0.0
4.143880559375786,53.63631882624968,0.0
3.751466640343657,58.868873900973,0.0
5.707123334579606,45.792382063189464,0.0
4.171665433578543,23.95786143372866,0.0
5.949397726633266,51.98948146796494,0.0
5.304384531276949,54.367385517335094,0.0
2.726383827504152,54.042947549616976,0.0
7.321257801995093,62.35782191822154,0.0
7.693816509643282,39.28946320350951,0.0
4.080816964273421,56.802161054504495,0.0
4.418447660096024,61.92507512477975,0.0
5.428798086087357,32.21412415993483,0.0
5.501685184980538,53.19651825918977,0.0
5.987816409009246,44.958201689923285,0.0
8.015306808149525,49.18477326898354,0.0
4.734579158758926,53.476764835383364,0.0
3.802554133192319,45.12771435886448,0.0
2.931021157978209,43.24291920838388,0.0
3.9036049400871216,50.34152417488025,0.0
4.950309540689305,39.12754061137197,0.0
7.691836795276681,39.141748711148146,0.0
4.223583051445743,56.79373282956503,0.0
5.335681927458348,38.51205964841344,0.0
4.975365655890872,56.66312500909212,0.0
6.782589910172126,54.62591292853951,0.0
8.790398638810434,32.741932712094034,0.0
4.203696840619519,43.22435347664345,0.0
4.265840836222667,61.94109403047372,0.0
6.566241315603608,40.18834468860318,0.0
6.022837234439467,45.355957376906126,0.0
7.77006098860405,54.62060893251896,0.0
5.875892277988946,57.83390509282596,0.0
4.461061863819411,47.48461113955504,0.0
5.885982246038464,44.02489805308358,0.0
6.663055370874361,64.22369861698508,0.0
6.230723271796046,67.3889966379758,0.0
5.760911046660946,59.788580507817954,0.0
6.600012034383731,50.85318142565024,0.0
6.753943385668509,41.91734278359074,0.0
7.07323848655629,41.695555934434346,0.0
5.973064831384464,55.22514105265758,0.0
4.749322879524718,54.18398220888684,0.0
5.220070529649984,64.01598592946429,0.0
6.809763449762535,56.50450092536139,0.0
3.774596493519146,34.96919698240182,0.0
5.553009963309352,60.51947617722919,0.0
4.409991781508959,40.01939372685587,0.0
5.043117234402226,46.16028728047648,0.0
6.917677793910948,52.502002062516944,0.0
5.286648602029855,69.95667489783965,0.0
5.069654822234223,81.09918556005361,0.0
2.960215788530121,56.06723059136183,0.0
6.119380349040831,48.168033812796125,0.0
5.968226271711613,55.345056484805504,0.0
8.24488208495819,58.87655425873836,0.0
4.538332647570499,46.793323744428086,0.0
5.328725491495908,67.95211355912322,0.0
5.374075525566133,52.30070759191402,0.0
7.366179919645211,54.97743089091394,0.0
4.857056701419572,56.659242520544616,0.0
5.418532288655509,54.21586610614456,0.0
5.911844764574809,58.38940500469612,0.0
5.279913684734537,43.82746813453077,0.0
4.330349578174207,44.41698246053969,0.0
5.291134989347461,38.99845767028305,0.0
6.610447624789658,54.39501230620226,0.0
3.4602270508834096,57.78936503512114,0.0
5.199454511220314,54.57772866151886,0.0
3.94981877759124,66.74492433347538,0.0
6.792569943387264,49.94403981170954,0.0
2.715219642824338,56.687416555925125,0.0
4.161617229092617,39.08299123860686,0.0
5.565817812596781,46.12900297525599,0.0
7.348286043851511,56.95537757565778,0.0
4.901374608390518,58.491021107431436,0.0
4.167200709960202,47.060330523358175,0.0
7.821735604160885,49.28400748141933,0.0
2.827979149375634,34.821262533191906,0.0
1.701791065069877,46.42970799193391,0.0
5.6600216750799985,58.90383163519786,0.0
4.246918663471083,55.75205016106566,0.0
3.46815077430393,55.0066572138121,0.0
6.06253467094903,50.4977368718096,0.0
5.365701070656798,50.07063158628176,0.0
4.1538820538949075,43.39678860526553,0.0
3.0795434019936585,56.98828420202535,0.0
6.308685992420217,54.2097294438939,0.0
5.975301766937991,54.920188479927994,0.0
4.851236204330926,44.739651573324196,0.0
7.769955494071499,28.466570801287556,0.0
3.394872850510771,60.97152711753696,0.0
2.711712243612892,45.211625439915956,0.0
3.9621378951781336,41.372242359568794,0.0
4.931620975466753,56.934789119139936,0.0
5.3650091739840375,46.0798736008087,0.0
4.638145913215505,60.59936384046622,0.0
5.528083094771445,56.17005949576698,0.0
3.122690863714334,56.83569323200477,0.0
7.165646906109889,36.340442887994655,0.0
4.876773232411146,62.11943985386401,0.0
6.675943747382192,52.61250531233856,0.0
5.5140880195665565,46.307228607537965,0.0
5.685129828730676,51.43388467342251,0.0
5.8546509203483055,32.2376476710168,0.0
5.671562840025972,54.08652811480671,0.0
5.964084139801316,39.706284918179286,0.0
6.993728795198647,36.47329714156466,0.0
5.294781754552205,34.77640813782109,0.0
6.063505636382768,61.12688374989925,0.0
4.86539645856916,43.707366063072115,0.0
7.160175823174209,65.337277099165,0.0
3.9854115469110956,44.64198536947702,0.0
7.701410649366224,32.92642042407053,0.0
4.939763074033485,38.83475560051341,0.0
2.8538373468229277,62.35811620006939,0.0
5.192156622366184,48.441018220633325,0.0
3.9784225137876787,44.51712703509399,0.0
6.260965323483086,51.60018225852788,0.0
4.021064031046413,55.01782736167545,0.0
4.33072485017783,61.17398815902461,0.0
2.1656889035817035,64.48499229892926,0.0
4.321540521126385,46.40231354210914,0.0
1.3641810100565648,36.73952313917962,0.0
2.624145764771415,45.86534838876724,0.0
6.1406219842164464,52.60280506582886,0.0
6.178700237976249,40.36241073789389,0.0
5.6381863426774474,40.428490851049574,0.0
3.5495357853061806,53.437878815498856,0.0
4.92843296578703,49.51347648429549,0.0
4.994596191364147,50.327969954115865,0.0
3.262452966211186,42.41504665299931,0.0
7.255097452650726,47.69599285794233,0.0
6.316043435863508,40.757668557316954,0.0
4.668553739255504,58.90198411124787,0.0
5.040328758491796,60.35249334723753,0.0
5.312574211921329,31.538121377619063,0.0
1.937397697363564,40.7048913980759,0.0
4.629233926219104,35.03470744909921,0.0
3.9770236280033022,43.49976065593102,0.0
3.497569985157627,49.16562030209639,0.0
4.578349560671068,35.5035478030147,0.0
7.696529790274283,40.78140186874687,0.0
5.961264291900514,39.960426279185015,0.0
4.143231515325805,52.07267329398944,0.0
5.858874172034238,50.6934433703625,0.0
7.099033154879003,42.78262446662747,0.0
6.386950524369153,51.76820872139398,0.0
5.089445554880261,44.533199154127345,0.0
4.029594833441639,47.283448896739465,0.0
6.047334970420385,66.73452090298537,0.0
5.590228078132625,63.40461051790348,0.0
6.342789830041598,37.004187630724026,0.0
5.9527577025229546,58.29732417879175,0.0
6.574329072979003,58.11396554491592,0.0
4.1971471826591475,38.51736711247382,0.0
6.976091098451489,58.18777643754861,0.0
5.296399407038599,65.37931918412554,0.0
8.112891308937899,38.77455193755586,0.0
3.9662182728656483,40.824971789857365,0.0
7.603945704747874,60.17661466843502,0.0
5.296866175193972,52.71495310825648,0.0
4.022872994578328,55.514762752395235,0.0
4.274171248918518,53.40589216400497,0.0
4.519479037708519,53.90695920928144,0.0
5.636248919602875,36.73527871688917,0.0
5.784253232053249,60.47317706621448,0.0
4.139449994092131,61.69589992427774,0.0
4.963468111608526,47.70609255931972,0.0
8.213405537917795,49.56523050186138,0.0
7.591314755151068,34.68892497444278,0.0
5.654485504511048,55.14254756017835,0.0
5.057005217252301,55.72057441714144,0.0
5.1800469900773916,49.37808983000689,0.0
5.9202769590956255,61.24353359870503,0.0
3.4658111522023916,46.659227690200595,0.0
4.613935193864982,55.646059258936006,0.0
2.497123889183616,39.80335661307885,0.0
5.598834683907919,49.76447849125762,0.0
5.970793909554112,48.25645742097164,0.0
4.275220306550939,52.25307922040942,0.0
7.360980144935049,46.304730711666416,0.0
3.161351505496488,48.68527404328332,0.0
2.8034376796852696,58.26047171441506,0.0
5.336677727839958,45.63235762761782,0.0
6.570647453918232,33.93422899261321,0.0
7.525891537186803,67.4958390420542,0.0
4.31167360569659,63.814540786904864,0.0
6.618021250146944,37.07737304894381,0.0
4.9422372957489396,56.897078052451945,0.0
4.74105905008877,44.97025229448657,0.0
6.3254899062300085,52.634872153310596,0.0
5.978484317620129,52.94224129013494,0.0
2.635411764523626,47.65592199683678,0.0
7.214810524588843,42.16234334413603,0.0
7.0701370312211775,43.094589476837406,0.0
4.061655947735706,40.83808084518758,0.0
5.593705300156113,41.681777917695555,0.0
5.7410452794241085,49.328217099506446,0.0
5.391010648735861,42.842400108892484,0.0
4.174542269231869,56.820520657126195,0.0
3.9925649480929226,64.87246155335927,0.0
4.961668893512832,44.19946758629957,0.0
6.759093528889047,52.39404500535377,0.0
5.8154002318916485,54.996851103029336,0.0
4.444078501870841,54.72002270919275,0.0
6.157548065972517,50.759552679160876,0.0
0.7271860690548868,57.426824183597226,0.0
6.723148550558156,54.82248952680657,0.0
2.3904293318328507,37.62337577672702,0.0
4.456338587895302,58.69156064389273,0.0
3.320495158060784,58.872908372667425,0.0
3.0579777864186415,42.367138958214184,0.0
6.741240181067779,50.37937835447602,0.0
4.298448198032163,56.833289928110695,0.0
5.519755822596074,47.906861804206386,0.0
4.929619131681224,60.729780477660114,0.0
5.715561240834682,73.6387249461936,0.0
5.115232836590383,42.140139673650175,0.0
3.075511663717146,36.18955396846225,0.0
6.49440022917071,53.03818595604876,0.0
4.259365125258031,57.21562505126143,0.0
2.665127152010373,47.69133626155231,0.0
4.357827258551131,64.53260663321035,0.0
7.2511396859514665,36.613942002767516,0.0
6.27533261317024,56.92918623031611,0.0
4.477021798388211,43.94139179241107,0.0
4.476113443522356,67.19377906207296,0.0
4.5175474231739265,69.92515353168119,0.0
8.11512197534126,42.33343412216652,0.0
5.57290317834733,44.5044286409142,0.0
5.645062470786605,58.59587886979802,0.0
6.545425181047763,46.12869350210485,0.0
5.35818373853977,49.54588782067762,0.0
4.611436781268945,50.2538842054241,0.0
4.705475226372533,30.803268438023437,0.0
4.892598110878904,49.86162253905763,0.0
4.944166645235238,43.10272225935826,0.0
6.09144431545547,45.06877177600228,0.0
5.077918828710949,64.43632003468814,0.0
6.098960115823369,37.434931057207436,0.0
4.878925129837127,58.132051867479774,0.0
5.117952785474136,47.21037069668191,0.0
2.0026989732018388,47.202398315041656,0.0
6.374491512053722,57.90371896051711,0.0
5.519732713846989,53.4005129456889,0.0
6.497015164789478,55.70612997219531,0.0
0.6556169327094663,59.68184660532861,0.0
8.132562057171091,46.686916168166775,0.0
4.790615557767239,43.87763265492249,0.0
6.662274225106275,39.148494734422016,0.0
3.440141109311704,41.74589470021045,0.0
5.919160857593854,79.49094425308725,0.0
3.419876655239516,62.44679580736786,0.0
4.064346558956292,36.489256337919784,0.0
7.871047030800179,36.7754204325643,0.0
4.71397639885498,54.81866061718492,0.0
5.326149309769584,55.47264797377967,0.0
6.305101596033131,55.48883835317365,0.0
5.743522831958907,47.45044206446302,0.0
5.225628357715364,48.745457399970995,0.0
5.547441503699338,53.27879524159357,0.0
8.605123377857414,50.858930062933304,0.0
4.913571804449622,27.80699627252465,0.0
5.301648570072452,47.70200369424806,0.0
6.575981594011418,41.485935657396865,0.0
6.658288899436975,51.75211418908512,0.0
6.78054545834057,79.85259002603411,0.0
5.958095333043777,53.67481665474304,0.0
3.2854926309042747,46.86470313827602,0.0
7.450147298451644,59.21801501977252,0.0
3.280481910471968,54.826878872092124,0.0
5.453953197858549,54.200944904518416,0.0
3.8685862249709633,56.06850593215671,0.0
4.9037924801105115,70.56543564829542,0.0
5.493143615455221,38.69111564674084,0.0
5.482035823175409,54.736320768114545,0.0
5.632881131352927,40.73618870018461,0.0
7.420566903587971,55.55512646342248,0.0
5.68030145227097,40.81313488513906,0.0
4.633765047064027,45.82633186394916,0.0
6.446130752432536,47.049100857620935,0.0
6.784205733386961,59.75816719344709,0.0
3.1585882772945113,59.18454443942414,0.0
5.896100104774787,37.542826235536154,0.0
6.051759113466348,50.54934110999849,0.0
4.553654744960012,42.904201452508275,0.0
7.063560219967429,37.414950893246655,0.0
4.77491661945121,47.82982949575629,0.0
5.188364680207314,46.915172115441806,0.0
4.740392263574195,74.26716486345522,0.0
5.023368571372202,54.32959825360696,0.0
3.355587369657197,36.22382499245763,0.0
2.8399236761085582,44.352259958290574,0.0
7.3917575948374585,60.213832954293984,0.0
3.729557977522508,70.88442772869925,0.0
3.5129114758155393,34.140166877620416,0.0
1.7699148295944278,31.20075614860955,0.0
4.041557378465747,68.70965175371782,0.0
3.0153653098887525,53.89614177370904,0.0
7.463022740204554,41.31707268123634,0.0
6.514725634013951,55.346290861224354,0.0
3.9677744822334144,23.64252260983122,0.0
8.378653708016463,50.03375506597161,0.0
6.472648230487391,53.278211728430854,0.0
4.512752924737066,59.2427013953783,0.0
1.2508914276896403,39.861040477074624,0.0
8.436413858886112,50.856871614033594,0.0
2.915641299854606,40.74575373940412,0.0
2.5319018795646624,52.55383755674317,0.0
6.533855648014461,41.04653677636976,0.0
8.659628609508909,45.918991608397796,0.0
7.076409227765778,40.04184605209771,0.0
5.84586368007854,56.51136241823657,0.0
5.892131512497929,58.58451116656666,0.0
6.280123338170462,47.653794300425865,0.0
6.138392884680147,50.382379949600285,0.0
5.421787135954064,35.51408585366456,0.0
5.156301655927814,47.00323351993213,0.0
4.9061103081507165,49.49795382958255,0.0
3.8690531166999858,76.20793091029975,0.0
4.578987384699839,38.88032974225837,0.0
2.460564778706922,64.64177238752437,0.0
4.852490559807875,59.96858773465808,0.0
3.5171133392736236,52.806364044901365,0.0
3.344616024176344,67.58620484195134,0.0
5.269841226730218,53.72105472606863,0.0
7.088003429516899,53.891591956679285,0.0
6.377474909003469,49.46879346982455,0.0
2.6442490945652346,62.235688824186276,0.0
3.5155577951444936,60.96469233810883,0.0
6.411156781982324,43.743227125037876,0.0
3.5262689096925355,36.80752805401232,0.0
4.663050275004463,47.97019362604343,0.0
5.825078148536828,41.999614356023535,0.0
3.547483317704547,49.36475425384645,0.0
5.15806325921894,62.37438134684139,0.0
2.9989617576226935,45.4269834491321,0.0
4.097948534073179,49.571766186884254,0.0
5.479672901213806,50.58022734808395,0.0
2.610509399702496,58.484308822052846,0.0
5.660712106940599,27.53110666015395,0.0
4.970543301609978,43.932997052347034,0.0
5.828734931625721,52.11283692279473,0.0
5.335871201096992,62.000789564268615,0.0
7.046210644960766,45.08097552493795,0.0
5.187836753971861,31.23447293958126,0.0
4.355891688312121,56.197114459661364,0.0
5.183446254548426,43.646376111743706,0.0
5.814947043554582,38.103333409096386,0.0
5.073290105488557,43.75654610286776,0.0
5.060887536805824,48.1547464234415,0.0
3.947012468289867,43.952553354617876,0.0
4.0056486236735775,27.944339429009307,0.0
2.8960920923004596,58.970661968871326,0.0
7.624365114780409,62.748750412787224,0.0
3.1342051469130725,56.51521991339506,0.0
3.960642203306139,38.62314329575183,0.0
3.922389101646204,47.98508466052482,0.0
6.342386565416662,49.93478684770542,0.0
4.557575482561958,55.987943895619104,0.0
6.8716131090106005,56.68340488718081,0.0
3.989764063634197,42.65826201221504,0.0
5.418491243335703,50.819955564135604,0.0
3.746979420110364,54.57280404615241,0.0
8.217723691660083,64.55822322146767,0.0
3.218602371455731,57.04506539824723,0.0
5.464731065340541,57.89056687375519,0.0
5.950665321398148,50.838266279293606,0.0
5.620698646177248,64.10459145203504,0.0
4.722068511683437,54.09762795959497,0.0
4.805268950399861,41.389120898264295,0.0
5.065717207968665,64.0336997012519,0.0
4.779496997557267,56.979032725390276,0.0
6.445818675192364,45.569559788715175,0.0
8.315784502387027,45.205070326007565,0.0
4.16376232248825,52.96575545140762,0.0
2.945295530631383,54.63184795267585,0.0
4.8675769274731175,51.972922656312065,0.0
8.869564006481479,53.11308673442885,0.0
3.794488148045404,66.9995737457638,0.0
7.458675208166101,60.71543152234886,0.0
7.516551221114661,51.90635591265024,0.0
4.169617637438008,59.41310580767483,0.0
5.853474618777913,39.674760964724605,0.0
7.442594934692807,53.979270499468086,0.0
4.43130838851877,68.0930634973311,0.0
4.694629459846458,47.81954104607626,0.0
4.127478629077034,41.52366071380915,0.0
3.4778649039606995,43.4791111140694,0.0
4.026083682400989,39.10366962657612,0.0
3.164089599856615,42.15238091872297,0.0
5.051125202388839,46.29491901409971,0.0
3.8450401534120373,35.94432980821358,0.0
5.350678867686121,50.15618333949603,0.0
2.666156530694559,59.02277173786647,0.0
5.496320348321685,40.9224381985308,0.0
6.250293442413387,65.19283923641768,0.0
2.009396536142817,55.107920885275945,0.0
5.561084854771358,60.305805856240575,0.0
6.841503488709938,43.42165446147863,0.0
3.185538471963192,58.545252270666154,0.0
7.508858580256555,39.08066099604687,0.0
5.6285285140490675,58.90247500836509,0.0
3.9424822163623867,51.718393397935316,0.0
4.916346383513441,55.53251219984784,0.0
5.837490368782584,38.24405394375148,0.0
5.114008087118617,41.049301577233955,0.0
5.808133988669554,55.972282182533846,0.0
3.6189896103809507,40.51651995775799,0.0
5.254041236054117,54.63206292099123,0.0
2.8794282546425296,36.32862193539754,0.0
4.83316090797695,58.48174212666668,0.0
3.6441385378028155,37.67476685231491,0.0
3.8967050861153503,55.522999376795234,0.0
6.854139762815656,56.256309336460006,0.0
6.636965180891403,43.03228181570425,0.0
5.913707181360765,55.82026567084727,0.0
3.3615308529911316,52.60442263333556,0.0
4.525387325457797,44.61158143807262,0.0
6.819646549968775,39.91445315923792,0.0
5.212575370459857,30.37374308327421,0.0
8.478994309972542,53.496500472996935,0.0
5.589976759091558,34.35197228637945,0.0
5.288073674735047,50.95344199441308,0.0
4.536325303696248,47.36551783917751,0.0
5.200311357173423,56.79142775438196,0.0
4.771295245429184,46.97954500510136,0.0
6.062163015032885,46.70552213652908,0.0
6.435053475191876,57.318707042882956,0.0
3.8210158092380757,53.35058029084117,0.0
3.003150569663333,53.16155957182778,0.0
2.245691940345055,54.69267589808526,0.0
5.761986990368816,34.64427876792894,0.0
3.3449500907391894,57.56788679986982,0.0
1.7706641105712757,56.12468794013602,0.0
5.582867906796446,39.83316871423503,0.0
8.739499276149186,47.55919526325799,0.0
4.99089363269016,49.606927123723686,0.0
6.257736161677463,48.655032155982674,0.0
5.122744037821348,53.338599665685344,0.0
4.851665520213286,64.31366781831184,0.0
6.378614724481653,60.81766727672829,0.0
4.564588183717023,36.87780806568594,0.0
5.401088471107855,56.220699903060485,0.0
5.48254670929402,63.2893331953541,0.0
3.997864319535427,53.868085206892026,0.0
6.488063524304784,60.90980425185967,0.0
4.737560364956887,70.12270445700764,0.0
3.8663822607607328,60.23709546106981,0.0
5.804764765355605,52.49308595641729,0.0
3.652298027313444,60.450884740847535,0.0
5.042271736053692,51.44887833096891,0.0
4.986321505033695,50.23903043284955,0.0
6.628843348747367,46.485857642862676,0.0
5.7120473493199295,65.63413358832108,0.0
4.962459561882284,41.81571334057999,0.0
6.226649448800431,65.32367724678116,0.0
7.0853113235259695,54.99864123740372,0.0
5.8367154595277935,36.006938251980586,0.0
5.015528929765071,53.67649292991422,0.0
3.032245651474761,28.99973492348376,0.0
3.402329505386941,56.25508016831036,0.0
4.542162943467998,58.852314829889906,0.0
4.0857316967610755,44.07644044347946,0.0
4.7195430455218315,51.235476959555825,0.0
5.084974887345661,69.54157433750287,0.0
5.794539131535096,44.942532957380635,0.0
4.894251832911364,39.410924129433994,0.0
5.729752465739303,64.81663402462598,0.0
5.096711622215181,69.62587190530795,0.0
2.036800150469193,50.03695671847847,0.0
3.5909969092718685,60.11463035408356,0.0
4.783868666417577,63.414759155308815,0.0
3.1854578857383387,42.57515767461616,0.0
5.899893094994306,45.14694164632132,0.0
7.296126248515546,62.30874513154735,0.0
6.828142777545975,66.85014278708509,0.0
4.679835693604688,55.62880860174355,0.0
7.2360892052749275,41.20185646497946,0.0
5.2230011858031675,69.87061111699441,0.0
4.494371043322941,44.690291021880356,0.0
4.079896004688591,46.64862218828548,0.0
4.546295470267808,53.423378344896214,0.0
4.417734772188156,65.54160420714774,0.0
5.255624333563231,58.539759765522234,0.0
5.240860971574797,54.148655003619105,0.0
5.004569030230122,54.63288530118106,0.0
5.655407254619525,50.43514668643466,0.0
6.7859694121795116,55.58139514518506,0.0
6.4243312031619855,24.70439922305697,0.0
2.7726530473251447,47.033925409302014,0.0
1.169118297647068,52.41321934916781,0.0
6.40147986685891,38.48985916380493,0.0
2.9496819523768685,53.8632331781156,0.0
4.662851897160975,47.95528779013878,0.0
3.244830460910961,67.5547569831549,0.0
2.2970293436299705,65.73019725214857,0.0
5.812194092307182,45.34194430881837,0.0
6.13873274045397,48.49162288433305,0.0
4.135234398909921,49.260524343916074,0.0
1.1134365617826352,45.483405238403776,0.0
4.180633327621276,51.950249840281266,0.0
5.58770600810382,42.4171793111241,0.0
2.7816326468388066,38.693846650624735,0.0
5.275039879668734,56.227112239002686,0.0
4.977035226240507,56.29529584221811,0.0
5.8689372494016325,41.956842403400074,0.0
5.17937055262123,58.95355430762599,0.0
3.540396588677667,43.68422270834669,0.0
6.794857252496737,52.53165238037981,0.0
4.762205640459545,58.20344012612456,0.0
4.959043190735102,49.66387435296287,0.0
3.600098061390206,54.54740912141134,0.0
4.335076623212735,44.835703561124284,0.0
3.6727959289596486,48.03533416571903,0.0
4.740580910114866,47.94140569119659,0.0
7.567562720213515,42.53421653459761,0.0
2.9421482856029657,48.23225836884218,0.0
2.5796579031848883,34.51381701136253,0.0
7.206755491240413,45.08846252857895,0.0
4.686014484272201,47.15124506630329,0.0
3.996390892010125,47.4382024750462,0.0
6.559857031094115,47.58502554129221,0.0
4.091576690394704,49.382358001398714,0.0
7.739014570320404,54.79441518086064,0.0
6.016888807008904,58.745170741325225,0.0
4.268132887781446,43.50234773151733,0.0
8.235962319898256,37.967991446108556,0.0
4.091427615494992,39.57955587756897,0.0
6.113143058013961,45.12797078805073,0.0
5.448938870609738,46.48078682183491,0.0
6.952611934098197,42.30003933802543,0.0
7.3422667950902785,37.038833357501055,0.0
5.04800622359865,45.43879172525812,0.0
3.869873194480725,51.814266201139716,0.0
5.689958214408675,55.950294658355645,0.0
3.983426945371841,44.42576946891679,0.0
8.020080871289935,45.87002177856566,0.0
5.204802996624106,40.73301691152689,0.0
4.452017673031837,49.685608296252234,0.0
5.277020458797363,41.515713658091855,0.0
2.9793105657054553,55.731278132412,0.0
3.5425789422340226,32.14133508065889,0.0
6.800620861916638,46.40370327547538,0.0
4.014658581542906,53.01107339191742,0.0
10.367669032645008,79.31731632048137,1.0
15.386067327960994,73.63645499902935,1.0
10.699600049135816,71.45250607641862,1.0
7.991890806315979,84.94263103359513,1.0
9.809071505821853,57.24239454992481,1.0
6.4475073330670964,91.25868751282648,1.0
9.838800501406478,73.7570839267212,1.0
8.333887885998482,63.04895991439463,1.0
11.830780551120323,73.24980713006279,1.0
8.90091945080893,98.8572382529386,1.0
9.766468168409506,71.96997369475665,1.0
8.728884317191193,85.3768042731443,1.0
13.477702703706662,69.0356558642679,1.0
9.357514467764176,91.3688277488543,1.0
13.665114086958404,90.28261608185306,1.0
11.628303524236532,107.72913249944617,1.0
10.964133454670772,77.36654081751176,1.0
10.73746629463504,90.0298220713686,1.0
10.787594596432504,81.47101309308417,1.0
6.14465484130878,99.43807672794522,1.0
9.442233211698486,69.21751418586905,1.0
11.690315942368644,91.17507969315922,1.0
9.90220563305179,77.07954055824978,1.0
7.18962030639285,79.03717734337253,1.0
9.89519109884506,81.3762872667256,1.0
13.408211032510982,83.78360594640016,1.0
12.493783431069438,78.25656435317063,1.0
9.875991981267937,83.22069774755789,1.0
11.902898554116174,103.67177086343277,1.0
9.266985959263897,94.78174528422828,1.0
6.592256826346562,93.03731888745345,1.0
8.15106802374089,73.16690710964194,1.0
13.125777537016395,66.66138757657514,1.0
9.452013836341392,94.3295083735663,1.0
9.513232041249964,93.14070188794692,1.0
9.40032360745024,102.09006013626473,1.0
13.808273179146013,70.94029061046156,1.0
13.251917830724127,76.5567701695948,1.0
14.437560466896269,55.407737562118484,1.0
9.681909579199898,74.1129334090869,1.0
10.59124897749419,94.94855765869171,1.0
6.966714901158418,73.00256931157703,1.0
12.95386885223655,89.60719692801236,1.0
7.6644408974641305,77.14245341003283,1.0
10.433551127525257,84.86085542332341,1.0
7.805394944734312,62.78462915276499,1.0
8.822266346522607,81.27814174450852,1.0
8.3254751379006,35.13296043648915,1.0
8.784249478648364,77.19655762757023,1.0
8.921754593702042,55.5429013442729,1.0
8.903462410149846,98.08991774820224,1.0
11.666667823560614,91.66111029146766,1.0
7.790274413874959,87.00006472949121,1.0
10.441082854027734,102.8150934073907,1.0
12.435918304611118,65.76625218762744,1.0
8.973607270973208,106.21044796873338,1.0
8.564162218504796,93.98287346390578,1.0
9.538950749639499,76.4516706917158,1.0
12.35945041672142,97.03430220774416,1.0
10.388215261906716,63.40559731382549,1.0
8.937571410784804,67.6322875770849,1.0
10.96775330237608,70.8711541514045,1.0
7.795415700327153,72.06533437903977,1.0
11.362719020885896,64.15163535859621,1.0
10.817214615403536,98.34624600642988,1.0
9.384383057722232,76.11718399445253,1.0
8.322828403105538,85.2875745253532,1.0
8.226638155433086,71.44472950379479,1.0
11.069634672691821,52.69095049177224,1.0
12.457961004978124,84.05086037587134,1.0
8.72538450594241,51.31617536870335,1.0
10.91677340710297,78.97048930871797,1.0
5.8259459627958625,59.47527441750785,1.0
8.830764538685601,109.80913998846212,1.0
9.937882134258196,93.67044083262083,1.0
8.180633166036333,81.5863068690722,1.0
8.126987250420807,98.95560016482003,1.0
8.664440887062227,67.30526033801397,1.0
10.584385456652747,88.15219068005139,1.0
9.625341963187251,82.99715650578071,1.0
5.523537533350056,83.96030122000505,1.0
5.758599694729868,99.08530250160152,1.0
8.78626964428565,90.98738154169703,1.0
10.915373172107104,84.33085494237535,1.0
4.504990314549531,55.17668845657556,1.0
9.000539647696739,65.59930557080804,1.0
8.947504286965158,78.15936599606414,1.0
12.776675556416896,81.40058561414976,1.0
9.229956376574272,63.046944129891145,1.0
10.765977969481856,116.17515013367631,1.0
10.282514280174926,102.74591082880359,1.0
5.738867040385599,89.03177480588725,1.0
11.536414433263474,81.08055291925618,1.0
10.430793010912575,76.81686545148273,1.0
11.01653727934918,65.72122309966647,1.0
17.852475412872653,81.16220777778294,1.0
5.831774121002823,83.86628810214125,1.0
13.449393299522217,61.37359136777563,1.0
9.425104961199288,85.01264625867346,1.0
10.574657808806018,77.67111426762877,1.0
